#,Name,Location,Phone Number,Email,Description
1,Kayla Douglas DDS,None,011.134.8489,None,"
                            Lorem ipsum dolor sit amet, consectetur
                             adipiscing elit. Mauris fermentum erat et
                              pretium sagittis. Curabitur et libero ultricies,
                               lacinia diam eu, tempus elit. Nam congue nunc at
                                neque pharetra rutrum. Vivamus vel consequat orci.
                                 Nullam ac interdum lectus. Fusce rhoncus dolor vel 
                                 lectus blandit mollis a et nunc. Vivamus laoreet volutpat
                                  molestie. Aliquam nulla sem, elementum varius 
                                  eleifend pretium, maximus eu ipsum. Phasellus et
                                   lacus elementum turpis dignissim varius a accumsan
                                    velit. Quisque eu elit ut augue ultrices dapibus. 
                                    Etiam eleifend ut ipsum a euismod. Nunc dictum eu 
                                    arcu id faucibus. Ut vitae placerat ex, id malesuada 
                                    justo. Sed congue, diam vel blandit gravida, 
                                    purus nisi blandit quam, id viverra mauris neque 
                                    id velit. Nam a interdum orci. Duis a elit eget 
                                    neque dignissim volutpat at pretium dolor.
                            "
2,Jason Allen,None,(432)007-9223x21877,None,"
                            Lorem ipsum dolor sit amet, consectetur
                             adipiscing elit. Mauris fermentum erat et
                              pretium sagittis. Curabitur et libero ultricies,
                               lacinia diam eu, tempus elit. Nam congue nunc at
                                neque pharetra rutrum. Vivamus vel consequat orci.
                                 Nullam ac interdum lectus. Fusce rhoncus dolor vel 
                                 lectus blandit mollis a et nunc. Vivamus laoreet volutpat
                                  molestie. Aliquam nulla sem, elementum varius 
                                  eleifend pretium, maximus eu ipsum. Phasellus et
                                   lacus elementum turpis dignissim varius a accumsan
                                    velit. Quisque eu elit ut augue ultrices dapibus. 
                                    Etiam eleifend ut ipsum a euismod. Nunc dictum eu 
                                    arcu id faucibus. Ut vitae placerat ex, id malesuada 
                                    justo. Sed congue, diam vel blandit gravida, 
                                    purus nisi blandit quam, id viverra mauris neque 
                                    id velit. Nam a interdum orci. Duis a elit eget 
                                    neque dignissim volutpat at pretium dolor.
                            "
3,Jonathan Lindsey,None,(918)819-7644,None,"
                            Lorem ipsum dolor sit amet, consectetur
                             adipiscing elit. Mauris fermentum erat et
                              pretium sagittis. Curabitur et libero ultricies,
                               lacinia diam eu, tempus elit. Nam congue nunc at
                                neque pharetra rutrum. Vivamus vel consequat orci.
                                 Nullam ac interdum lectus. Fusce rhoncus dolor vel 
                                 lectus blandit mollis a et nunc. Vivamus laoreet volutpat
                                  molestie. Aliquam nulla sem, elementum varius 
                                  eleifend pretium, maximus eu ipsum. Phasellus et
                                   lacus elementum turpis dignissim varius a accumsan
                                    velit. Quisque eu elit ut augue ultrices dapibus. 
                                    Etiam eleifend ut ipsum a euismod. Nunc dictum eu 
                                    arcu id faucibus. Ut vitae placerat ex, id malesuada 
                                    justo. Sed congue, diam vel blandit gravida, 
                                    purus nisi blandit quam, id viverra mauris neque 
                                    id velit. Nam a interdum orci. Duis a elit eget 
                                    neque dignissim volutpat at pretium dolor.
                            "
4,Robert Gregory,None,076-105-5098x91356,None,"
                            Lorem ipsum dolor sit amet, consectetur
                             adipiscing elit. Mauris fermentum erat et
                              pretium sagittis. Curabitur et libero ultricies,
                               lacinia diam eu, tempus elit. Nam congue nunc at
                                neque pharetra rutrum. Vivamus vel consequat orci.
                                 Nullam ac interdum lectus. Fusce rhoncus dolor vel 
                                 lectus blandit mollis a et nunc. Vivamus laoreet volutpat
                                  molestie. Aliquam nulla sem, elementum varius 
                                  eleifend pretium, maximus eu ipsum. Phasellus et
                                   lacus elementum turpis dignissim varius a accumsan
                                    velit. Quisque eu elit ut augue ultrices dapibus. 
                                    Etiam eleifend ut ipsum a euismod. Nunc dictum eu 
                                    arcu id faucibus. Ut vitae placerat ex, id malesuada 
                                    justo. Sed congue, diam vel blandit gravida, 
                                    purus nisi blandit quam, id viverra mauris neque 
                                    id velit. Nam a interdum orci. Duis a elit eget 
                                    neque dignissim volutpat at pretium dolor.
                            "
5,Danielle Cole,None,(507)410-9860x673,None,"
                            Lorem ipsum dolor sit amet, consectetur
                             adipiscing elit. Mauris fermentum erat et
                              pretium sagittis. Curabitur et libero ultricies,
                               lacinia diam eu, tempus elit. Nam congue nunc at
                                neque pharetra rutrum. Vivamus vel consequat orci.
                                 Nullam ac interdum lectus. Fusce rhoncus dolor vel 
                                 lectus blandit mollis a et nunc. Vivamus laoreet volutpat
                                  molestie. Aliquam nulla sem, elementum varius 
                                  eleifend pretium, maximus eu ipsum. Phasellus et
                                   lacus elementum turpis dignissim varius a accumsan
                                    velit. Quisque eu elit ut augue ultrices dapibus. 
                                    Etiam eleifend ut ipsum a euismod. Nunc dictum eu 
                                    arcu id faucibus. Ut vitae placerat ex, id malesuada 
                                    justo. Sed congue, diam vel blandit gravida, 
                                    purus nisi blandit quam, id viverra mauris neque 
                                    id velit. Nam a interdum orci. Duis a elit eget 
                                    neque dignissim volutpat at pretium dolor.
                            "
6,Donald Chan MD,None,863.881.7961x58046,None,"
                            Lorem ipsum dolor sit amet, consectetur
                             adipiscing elit. Mauris fermentum erat et
                              pretium sagittis. Curabitur et libero ultricies,
                               lacinia diam eu, tempus elit. Nam congue nunc at
                                neque pharetra rutrum. Vivamus vel consequat orci.
                                 Nullam ac interdum lectus. Fusce rhoncus dolor vel 
                                 lectus blandit mollis a et nunc. Vivamus laoreet volutpat
                                  molestie. Aliquam nulla sem, elementum varius 
                                  eleifend pretium, maximus eu ipsum. Phasellus et
                                   lacus elementum turpis dignissim varius a accumsan
                                    velit. Quisque eu elit ut augue ultrices dapibus. 
                                    Etiam eleifend ut ipsum a euismod. Nunc dictum eu 
                                    arcu id faucibus. Ut vitae placerat ex, id malesuada 
                                    justo. Sed congue, diam vel blandit gravida, 
                                    purus nisi blandit quam, id viverra mauris neque 
                                    id velit. Nam a interdum orci. Duis a elit eget 
                                    neque dignissim volutpat at pretium dolor.
                            "
7,Shane Villarreal,None,485.747.0889,None,"
                            Lorem ipsum dolor sit amet, consectetur
                             adipiscing elit. Mauris fermentum erat et
                              pretium sagittis. Curabitur et libero ultricies,
                               lacinia diam eu, tempus elit. Nam congue nunc at
                                neque pharetra rutrum. Vivamus vel consequat orci.
                                 Nullam ac interdum lectus. Fusce rhoncus dolor vel 
                                 lectus blandit mollis a et nunc. Vivamus laoreet volutpat
                                  molestie. Aliquam nulla sem, elementum varius 
                                  eleifend pretium, maximus eu ipsum. Phasellus et
                                   lacus elementum turpis dignissim varius a accumsan
                                    velit. Quisque eu elit ut augue ultrices dapibus. 
                                    Etiam eleifend ut ipsum a euismod. Nunc dictum eu 
                                    arcu id faucibus. Ut vitae placerat ex, id malesuada 
                                    justo. Sed congue, diam vel blandit gravida, 
                                    purus nisi blandit quam, id viverra mauris neque 
                                    id velit. Nam a interdum orci. Duis a elit eget 
                                    neque dignissim volutpat at pretium dolor.
                            "
8,Mr. Matthew Braun,None,001-640-365-6320x39369,None,"
                            Lorem ipsum dolor sit amet, consectetur
                             adipiscing elit. Mauris fermentum erat et
                              pretium sagittis. Curabitur et libero ultricies,
                               lacinia diam eu, tempus elit. Nam congue nunc at
                                neque pharetra rutrum. Vivamus vel consequat orci.
                                 Nullam ac interdum lectus. Fusce rhoncus dolor vel 
                                 lectus blandit mollis a et nunc. Vivamus laoreet volutpat
                                  molestie. Aliquam nulla sem, elementum varius 
                                  eleifend pretium, maximus eu ipsum. Phasellus et
                                   lacus elementum turpis dignissim varius a accumsan
                                    velit. Quisque eu elit ut augue ultrices dapibus. 
                                    Etiam eleifend ut ipsum a euismod. Nunc dictum eu 
                                    arcu id faucibus. Ut vitae placerat ex, id malesuada 
                                    justo. Sed congue, diam vel blandit gravida, 
                                    purus nisi blandit quam, id viverra mauris neque 
                                    id velit. Nam a interdum orci. Duis a elit eget 
                                    neque dignissim volutpat at pretium dolor.
                            "
9,Joshua Espinoza,None,(668)843-7244x63243,None,"
                            Lorem ipsum dolor sit amet, consectetur
                             adipiscing elit. Mauris fermentum erat et
                              pretium sagittis. Curabitur et libero ultricies,
                               lacinia diam eu, tempus elit. Nam congue nunc at
                                neque pharetra rutrum. Vivamus vel consequat orci.
                                 Nullam ac interdum lectus. Fusce rhoncus dolor vel 
                                 lectus blandit mollis a et nunc. Vivamus laoreet volutpat
                                  molestie. Aliquam nulla sem, elementum varius 
                                  eleifend pretium, maximus eu ipsum. Phasellus et
                                   lacus elementum turpis dignissim varius a accumsan
                                    velit. Quisque eu elit ut augue ultrices dapibus. 
                                    Etiam eleifend ut ipsum a euismod. Nunc dictum eu 
                                    arcu id faucibus. Ut vitae placerat ex, id malesuada 
                                    justo. Sed congue, diam vel blandit gravida, 
                                    purus nisi blandit quam, id viverra mauris neque 
                                    id velit. Nam a interdum orci. Duis a elit eget 
                                    neque dignissim volutpat at pretium dolor.
                            "
10,Brian Espinoza II,None,211-610-0354x354,None,"
                            Lorem ipsum dolor sit amet, consectetur
                             adipiscing elit. Mauris fermentum erat et
                              pretium sagittis. Curabitur et libero ultricies,
                               lacinia diam eu, tempus elit. Nam congue nunc at
                                neque pharetra rutrum. Vivamus vel consequat orci.
                                 Nullam ac interdum lectus. Fusce rhoncus dolor vel 
                                 lectus blandit mollis a et nunc. Vivamus laoreet volutpat
                                  molestie. Aliquam nulla sem, elementum varius 
                                  eleifend pretium, maximus eu ipsum. Phasellus et
                                   lacus elementum turpis dignissim varius a accumsan
                                    velit. Quisque eu elit ut augue ultrices dapibus. 
                                    Etiam eleifend ut ipsum a euismod. Nunc dictum eu 
                                    arcu id faucibus. Ut vitae placerat ex, id malesuada 
                                    justo. Sed congue, diam vel blandit gravida, 
                                    purus nisi blandit quam, id viverra mauris neque 
                                    id velit. Nam a interdum orci. Duis a elit eget 
                                    neque dignissim volutpat at pretium dolor.
                            "
11,Elizabeth Silva,None,+1-584-197-5525x64920,None,"
                            Lorem ipsum dolor sit amet, consectetur
                             adipiscing elit. Mauris fermentum erat et
                              pretium sagittis. Curabitur et libero ultricies,
                               lacinia diam eu, tempus elit. Nam congue nunc at
                                neque pharetra rutrum. Vivamus vel consequat orci.
                                 Nullam ac interdum lectus. Fusce rhoncus dolor vel 
                                 lectus blandit mollis a et nunc. Vivamus laoreet volutpat
                                  molestie. Aliquam nulla sem, elementum varius 
                                  eleifend pretium, maximus eu ipsum. Phasellus et
                                   lacus elementum turpis dignissim varius a accumsan
                                    velit. Quisque eu elit ut augue ultrices dapibus. 
                                    Etiam eleifend ut ipsum a euismod. Nunc dictum eu 
                                    arcu id faucibus. Ut vitae placerat ex, id malesuada 
                                    justo. Sed congue, diam vel blandit gravida, 
                                    purus nisi blandit quam, id viverra mauris neque 
                                    id velit. Nam a interdum orci. Duis a elit eget 
                                    neque dignissim volutpat at pretium dolor.
                            "
12,Sarah Morrison,None,+1-825-385-6479x075,None,"
                            Lorem ipsum dolor sit amet, consectetur
                             adipiscing elit. Mauris fermentum erat et
                              pretium sagittis. Curabitur et libero ultricies,
                               lacinia diam eu, tempus elit. Nam congue nunc at
                                neque pharetra rutrum. Vivamus vel consequat orci.
                                 Nullam ac interdum lectus. Fusce rhoncus dolor vel 
                                 lectus blandit mollis a et nunc. Vivamus laoreet volutpat
                                  molestie. Aliquam nulla sem, elementum varius 
                                  eleifend pretium, maximus eu ipsum. Phasellus et
                                   lacus elementum turpis dignissim varius a accumsan
                                    velit. Quisque eu elit ut augue ultrices dapibus. 
                                    Etiam eleifend ut ipsum a euismod. Nunc dictum eu 
                                    arcu id faucibus. Ut vitae placerat ex, id malesuada 
                                    justo. Sed congue, diam vel blandit gravida, 
                                    purus nisi blandit quam, id viverra mauris neque 
                                    id velit. Nam a interdum orci. Duis a elit eget 
                                    neque dignissim volutpat at pretium dolor.
                            "
13,Amber Mills,None,170-027-7016,None,"
                            Lorem ipsum dolor sit amet, consectetur
                             adipiscing elit. Mauris fermentum erat et
                              pretium sagittis. Curabitur et libero ultricies,
                               lacinia diam eu, tempus elit. Nam congue nunc at
                                neque pharetra rutrum. Vivamus vel consequat orci.
                                 Nullam ac interdum lectus. Fusce rhoncus dolor vel 
                                 lectus blandit mollis a et nunc. Vivamus laoreet volutpat
                                  molestie. Aliquam nulla sem, elementum varius 
                                  eleifend pretium, maximus eu ipsum. Phasellus et
                                   lacus elementum turpis dignissim varius a accumsan
                                    velit. Quisque eu elit ut augue ultrices dapibus. 
                                    Etiam eleifend ut ipsum a euismod. Nunc dictum eu 
                                    arcu id faucibus. Ut vitae placerat ex, id malesuada 
                                    justo. Sed congue, diam vel blandit gravida, 
                                    purus nisi blandit quam, id viverra mauris neque 
                                    id velit. Nam a interdum orci. Duis a elit eget 
                                    neque dignissim volutpat at pretium dolor.
                            "
14,Brian Beard,None,8195203952,None,"
                            Lorem ipsum dolor sit amet, consectetur
                             adipiscing elit. Mauris fermentum erat et
                              pretium sagittis. Curabitur et libero ultricies,
                               lacinia diam eu, tempus elit. Nam congue nunc at
                                neque pharetra rutrum. Vivamus vel consequat orci.
                                 Nullam ac interdum lectus. Fusce rhoncus dolor vel 
                                 lectus blandit mollis a et nunc. Vivamus laoreet volutpat
                                  molestie. Aliquam nulla sem, elementum varius 
                                  eleifend pretium, maximus eu ipsum. Phasellus et
                                   lacus elementum turpis dignissim varius a accumsan
                                    velit. Quisque eu elit ut augue ultrices dapibus. 
                                    Etiam eleifend ut ipsum a euismod. Nunc dictum eu 
                                    arcu id faucibus. Ut vitae placerat ex, id malesuada 
                                    justo. Sed congue, diam vel blandit gravida, 
                                    purus nisi blandit quam, id viverra mauris neque 
                                    id velit. Nam a interdum orci. Duis a elit eget 
                                    neque dignissim volutpat at pretium dolor.
                            "
15,Erik Dunn,None,302-849-5002,None,"
                            Lorem ipsum dolor sit amet, consectetur
                             adipiscing elit. Mauris fermentum erat et
                              pretium sagittis. Curabitur et libero ultricies,
                               lacinia diam eu, tempus elit. Nam congue nunc at
                                neque pharetra rutrum. Vivamus vel consequat orci.
                                 Nullam ac interdum lectus. Fusce rhoncus dolor vel 
                                 lectus blandit mollis a et nunc. Vivamus laoreet volutpat
                                  molestie. Aliquam nulla sem, elementum varius 
                                  eleifend pretium, maximus eu ipsum. Phasellus et
                                   lacus elementum turpis dignissim varius a accumsan
                                    velit. Quisque eu elit ut augue ultrices dapibus. 
                                    Etiam eleifend ut ipsum a euismod. Nunc dictum eu 
                                    arcu id faucibus. Ut vitae placerat ex, id malesuada 
                                    justo. Sed congue, diam vel blandit gravida, 
                                    purus nisi blandit quam, id viverra mauris neque 
                                    id velit. Nam a interdum orci. Duis a elit eget 
                                    neque dignissim volutpat at pretium dolor.
                            "
16,John Munoz,None,888-103-5301x93100,None,"
                            Lorem ipsum dolor sit amet, consectetur
                             adipiscing elit. Mauris fermentum erat et
                              pretium sagittis. Curabitur et libero ultricies,
                               lacinia diam eu, tempus elit. Nam congue nunc at
                                neque pharetra rutrum. Vivamus vel consequat orci.
                                 Nullam ac interdum lectus. Fusce rhoncus dolor vel 
                                 lectus blandit mollis a et nunc. Vivamus laoreet volutpat
                                  molestie. Aliquam nulla sem, elementum varius 
                                  eleifend pretium, maximus eu ipsum. Phasellus et
                                   lacus elementum turpis dignissim varius a accumsan
                                    velit. Quisque eu elit ut augue ultrices dapibus. 
                                    Etiam eleifend ut ipsum a euismod. Nunc dictum eu 
                                    arcu id faucibus. Ut vitae placerat ex, id malesuada 
                                    justo. Sed congue, diam vel blandit gravida, 
                                    purus nisi blandit quam, id viverra mauris neque 
                                    id velit. Nam a interdum orci. Duis a elit eget 
                                    neque dignissim volutpat at pretium dolor.
                            "
17,Angela Scott,None,001-524-123-4369x2616,None,"
                            Lorem ipsum dolor sit amet, consectetur
                             adipiscing elit. Mauris fermentum erat et
                              pretium sagittis. Curabitur et libero ultricies,
                               lacinia diam eu, tempus elit. Nam congue nunc at
                                neque pharetra rutrum. Vivamus vel consequat orci.
                                 Nullam ac interdum lectus. Fusce rhoncus dolor vel 
                                 lectus blandit mollis a et nunc. Vivamus laoreet volutpat
                                  molestie. Aliquam nulla sem, elementum varius 
                                  eleifend pretium, maximus eu ipsum. Phasellus et
                                   lacus elementum turpis dignissim varius a accumsan
                                    velit. Quisque eu elit ut augue ultrices dapibus. 
                                    Etiam eleifend ut ipsum a euismod. Nunc dictum eu 
                                    arcu id faucibus. Ut vitae placerat ex, id malesuada 
                                    justo. Sed congue, diam vel blandit gravida, 
                                    purus nisi blandit quam, id viverra mauris neque 
                                    id velit. Nam a interdum orci. Duis a elit eget 
                                    neque dignissim volutpat at pretium dolor.
                            "
18,Felicia Sanford,None,+1-585-628-9982x3751,None,"
                            Lorem ipsum dolor sit amet, consectetur
                             adipiscing elit. Mauris fermentum erat et
                              pretium sagittis. Curabitur et libero ultricies,
                               lacinia diam eu, tempus elit. Nam congue nunc at
                                neque pharetra rutrum. Vivamus vel consequat orci.
                                 Nullam ac interdum lectus. Fusce rhoncus dolor vel 
                                 lectus blandit mollis a et nunc. Vivamus laoreet volutpat
                                  molestie. Aliquam nulla sem, elementum varius 
                                  eleifend pretium, maximus eu ipsum. Phasellus et
                                   lacus elementum turpis dignissim varius a accumsan
                                    velit. Quisque eu elit ut augue ultrices dapibus. 
                                    Etiam eleifend ut ipsum a euismod. Nunc dictum eu 
                                    arcu id faucibus. Ut vitae placerat ex, id malesuada 
                                    justo. Sed congue, diam vel blandit gravida, 
                                    purus nisi blandit quam, id viverra mauris neque 
                                    id velit. Nam a interdum orci. Duis a elit eget 
                                    neque dignissim volutpat at pretium dolor.
                            "
19,Brandy Fisher,None,+1-280-386-2974x4371,None,"
                            Lorem ipsum dolor sit amet, consectetur
                             adipiscing elit. Mauris fermentum erat et
                              pretium sagittis. Curabitur et libero ultricies,
                               lacinia diam eu, tempus elit. Nam congue nunc at
                                neque pharetra rutrum. Vivamus vel consequat orci.
                                 Nullam ac interdum lectus. Fusce rhoncus dolor vel 
                                 lectus blandit mollis a et nunc. Vivamus laoreet volutpat
                                  molestie. Aliquam nulla sem, elementum varius 
                                  eleifend pretium, maximus eu ipsum. Phasellus et
                                   lacus elementum turpis dignissim varius a accumsan
                                    velit. Quisque eu elit ut augue ultrices dapibus. 
                                    Etiam eleifend ut ipsum a euismod. Nunc dictum eu 
                                    arcu id faucibus. Ut vitae placerat ex, id malesuada 
                                    justo. Sed congue, diam vel blandit gravida, 
                                    purus nisi blandit quam, id viverra mauris neque 
                                    id velit. Nam a interdum orci. Duis a elit eget 
                                    neque dignissim volutpat at pretium dolor.
                            "
20,Charles Jones,None,(805)849-3567x5492,None,"
                            Lorem ipsum dolor sit amet, consectetur
                             adipiscing elit. Mauris fermentum erat et
                              pretium sagittis. Curabitur et libero ultricies,
                               lacinia diam eu, tempus elit. Nam congue nunc at
                                neque pharetra rutrum. Vivamus vel consequat orci.
                                 Nullam ac interdum lectus. Fusce rhoncus dolor vel 
                                 lectus blandit mollis a et nunc. Vivamus laoreet volutpat
                                  molestie. Aliquam nulla sem, elementum varius 
                                  eleifend pretium, maximus eu ipsum. Phasellus et
                                   lacus elementum turpis dignissim varius a accumsan
                                    velit. Quisque eu elit ut augue ultrices dapibus. 
                                    Etiam eleifend ut ipsum a euismod. Nunc dictum eu 
                                    arcu id faucibus. Ut vitae placerat ex, id malesuada 
                                    justo. Sed congue, diam vel blandit gravida, 
                                    purus nisi blandit quam, id viverra mauris neque 
                                    id velit. Nam a interdum orci. Duis a elit eget 
                                    neque dignissim volutpat at pretium dolor.
                            "
21,David Blevins,None,001-689-284-8124x26310,None,"
                            Lorem ipsum dolor sit amet, consectetur
                             adipiscing elit. Mauris fermentum erat et
                              pretium sagittis. Curabitur et libero ultricies,
                               lacinia diam eu, tempus elit. Nam congue nunc at
                                neque pharetra rutrum. Vivamus vel consequat orci.
                                 Nullam ac interdum lectus. Fusce rhoncus dolor vel 
                                 lectus blandit mollis a et nunc. Vivamus laoreet volutpat
                                  molestie. Aliquam nulla sem, elementum varius 
                                  eleifend pretium, maximus eu ipsum. Phasellus et
                                   lacus elementum turpis dignissim varius a accumsan
                                    velit. Quisque eu elit ut augue ultrices dapibus. 
                                    Etiam eleifend ut ipsum a euismod. Nunc dictum eu 
                                    arcu id faucibus. Ut vitae placerat ex, id malesuada 
                                    justo. Sed congue, diam vel blandit gravida, 
                                    purus nisi blandit quam, id viverra mauris neque 
                                    id velit. Nam a interdum orci. Duis a elit eget 
                                    neque dignissim volutpat at pretium dolor.
                            "
22,Dylan Martinez,None,(321)380-3200,None,"
                            Lorem ipsum dolor sit amet, consectetur
                             adipiscing elit. Mauris fermentum erat et
                              pretium sagittis. Curabitur et libero ultricies,
                               lacinia diam eu, tempus elit. Nam congue nunc at
                                neque pharetra rutrum. Vivamus vel consequat orci.
                                 Nullam ac interdum lectus. Fusce rhoncus dolor vel 
                                 lectus blandit mollis a et nunc. Vivamus laoreet volutpat
                                  molestie. Aliquam nulla sem, elementum varius 
                                  eleifend pretium, maximus eu ipsum. Phasellus et
                                   lacus elementum turpis dignissim varius a accumsan
                                    velit. Quisque eu elit ut augue ultrices dapibus. 
                                    Etiam eleifend ut ipsum a euismod. Nunc dictum eu 
                                    arcu id faucibus. Ut vitae placerat ex, id malesuada 
                                    justo. Sed congue, diam vel blandit gravida, 
                                    purus nisi blandit quam, id viverra mauris neque 
                                    id velit. Nam a interdum orci. Duis a elit eget 
                                    neque dignissim volutpat at pretium dolor.
                            "
23,Mr. William Stevens,None,8418008861,None,"
                            Lorem ipsum dolor sit amet, consectetur
                             adipiscing elit. Mauris fermentum erat et
                              pretium sagittis. Curabitur et libero ultricies,
                               lacinia diam eu, tempus elit. Nam congue nunc at
                                neque pharetra rutrum. Vivamus vel consequat orci.
                                 Nullam ac interdum lectus. Fusce rhoncus dolor vel 
                                 lectus blandit mollis a et nunc. Vivamus laoreet volutpat
                                  molestie. Aliquam nulla sem, elementum varius 
                                  eleifend pretium, maximus eu ipsum. Phasellus et
                                   lacus elementum turpis dignissim varius a accumsan
                                    velit. Quisque eu elit ut augue ultrices dapibus. 
                                    Etiam eleifend ut ipsum a euismod. Nunc dictum eu 
                                    arcu id faucibus. Ut vitae placerat ex, id malesuada 
                                    justo. Sed congue, diam vel blandit gravida, 
                                    purus nisi blandit quam, id viverra mauris neque 
                                    id velit. Nam a interdum orci. Duis a elit eget 
                                    neque dignissim volutpat at pretium dolor.
                            "
24,Stacie Knapp,None,(786)401-4415,None,"
                            Lorem ipsum dolor sit amet, consectetur
                             adipiscing elit. Mauris fermentum erat et
                              pretium sagittis. Curabitur et libero ultricies,
                               lacinia diam eu, tempus elit. Nam congue nunc at
                                neque pharetra rutrum. Vivamus vel consequat orci.
                                 Nullam ac interdum lectus. Fusce rhoncus dolor vel 
                                 lectus blandit mollis a et nunc. Vivamus laoreet volutpat
                                  molestie. Aliquam nulla sem, elementum varius 
                                  eleifend pretium, maximus eu ipsum. Phasellus et
                                   lacus elementum turpis dignissim varius a accumsan
                                    velit. Quisque eu elit ut augue ultrices dapibus. 
                                    Etiam eleifend ut ipsum a euismod. Nunc dictum eu 
                                    arcu id faucibus. Ut vitae placerat ex, id malesuada 
                                    justo. Sed congue, diam vel blandit gravida, 
                                    purus nisi blandit quam, id viverra mauris neque 
                                    id velit. Nam a interdum orci. Duis a elit eget 
                                    neque dignissim volutpat at pretium dolor.
                            "
25,Steven Bailey,None,001-896-172-3642x6131,None,"
                            Lorem ipsum dolor sit amet, consectetur
                             adipiscing elit. Mauris fermentum erat et
                              pretium sagittis. Curabitur et libero ultricies,
                               lacinia diam eu, tempus elit. Nam congue nunc at
                                neque pharetra rutrum. Vivamus vel consequat orci.
                                 Nullam ac interdum lectus. Fusce rhoncus dolor vel 
                                 lectus blandit mollis a et nunc. Vivamus laoreet volutpat
                                  molestie. Aliquam nulla sem, elementum varius 
                                  eleifend pretium, maximus eu ipsum. Phasellus et
                                   lacus elementum turpis dignissim varius a accumsan
                                    velit. Quisque eu elit ut augue ultrices dapibus. 
                                    Etiam eleifend ut ipsum a euismod. Nunc dictum eu 
                                    arcu id faucibus. Ut vitae placerat ex, id malesuada 
                                    justo. Sed congue, diam vel blandit gravida, 
                                    purus nisi blandit quam, id viverra mauris neque 
                                    id velit. Nam a interdum orci. Duis a elit eget 
                                    neque dignissim volutpat at pretium dolor.
                            "
26,Jennifer Holloway,None,479.015.8135,None,"
                            Lorem ipsum dolor sit amet, consectetur
                             adipiscing elit. Mauris fermentum erat et
                              pretium sagittis. Curabitur et libero ultricies,
                               lacinia diam eu, tempus elit. Nam congue nunc at
                                neque pharetra rutrum. Vivamus vel consequat orci.
                                 Nullam ac interdum lectus. Fusce rhoncus dolor vel 
                                 lectus blandit mollis a et nunc. Vivamus laoreet volutpat
                                  molestie. Aliquam nulla sem, elementum varius 
                                  eleifend pretium, maximus eu ipsum. Phasellus et
                                   lacus elementum turpis dignissim varius a accumsan
                                    velit. Quisque eu elit ut augue ultrices dapibus. 
                                    Etiam eleifend ut ipsum a euismod. Nunc dictum eu 
                                    arcu id faucibus. Ut vitae placerat ex, id malesuada 
                                    justo. Sed congue, diam vel blandit gravida, 
                                    purus nisi blandit quam, id viverra mauris neque 
                                    id velit. Nam a interdum orci. Duis a elit eget 
                                    neque dignissim volutpat at pretium dolor.
                            "
27,Julie Caldwell,None,943-028-1303x818,None,"
                            Lorem ipsum dolor sit amet, consectetur
                             adipiscing elit. Mauris fermentum erat et
                              pretium sagittis. Curabitur et libero ultricies,
                               lacinia diam eu, tempus elit. Nam congue nunc at
                                neque pharetra rutrum. Vivamus vel consequat orci.
                                 Nullam ac interdum lectus. Fusce rhoncus dolor vel 
                                 lectus blandit mollis a et nunc. Vivamus laoreet volutpat
                                  molestie. Aliquam nulla sem, elementum varius 
                                  eleifend pretium, maximus eu ipsum. Phasellus et
                                   lacus elementum turpis dignissim varius a accumsan
                                    velit. Quisque eu elit ut augue ultrices dapibus. 
                                    Etiam eleifend ut ipsum a euismod. Nunc dictum eu 
                                    arcu id faucibus. Ut vitae placerat ex, id malesuada 
                                    justo. Sed congue, diam vel blandit gravida, 
                                    purus nisi blandit quam, id viverra mauris neque 
                                    id velit. Nam a interdum orci. Duis a elit eget 
                                    neque dignissim volutpat at pretium dolor.
                            "
28,Laura Martin,None,642-747-3162,None,"
                            Lorem ipsum dolor sit amet, consectetur
                             adipiscing elit. Mauris fermentum erat et
                              pretium sagittis. Curabitur et libero ultricies,
                               lacinia diam eu, tempus elit. Nam congue nunc at
                                neque pharetra rutrum. Vivamus vel consequat orci.
                                 Nullam ac interdum lectus. Fusce rhoncus dolor vel 
                                 lectus blandit mollis a et nunc. Vivamus laoreet volutpat
                                  molestie. Aliquam nulla sem, elementum varius 
                                  eleifend pretium, maximus eu ipsum. Phasellus et
                                   lacus elementum turpis dignissim varius a accumsan
                                    velit. Quisque eu elit ut augue ultrices dapibus. 
                                    Etiam eleifend ut ipsum a euismod. Nunc dictum eu 
                                    arcu id faucibus. Ut vitae placerat ex, id malesuada 
                                    justo. Sed congue, diam vel blandit gravida, 
                                    purus nisi blandit quam, id viverra mauris neque 
                                    id velit. Nam a interdum orci. Duis a elit eget 
                                    neque dignissim volutpat at pretium dolor.
                            "
29,Emily Hall,None,871.047.3858,None,"
                            Lorem ipsum dolor sit amet, consectetur
                             adipiscing elit. Mauris fermentum erat et
                              pretium sagittis. Curabitur et libero ultricies,
                               lacinia diam eu, tempus elit. Nam congue nunc at
                                neque pharetra rutrum. Vivamus vel consequat orci.
                                 Nullam ac interdum lectus. Fusce rhoncus dolor vel 
                                 lectus blandit mollis a et nunc. Vivamus laoreet volutpat
                                  molestie. Aliquam nulla sem, elementum varius 
                                  eleifend pretium, maximus eu ipsum. Phasellus et
                                   lacus elementum turpis dignissim varius a accumsan
                                    velit. Quisque eu elit ut augue ultrices dapibus. 
                                    Etiam eleifend ut ipsum a euismod. Nunc dictum eu 
                                    arcu id faucibus. Ut vitae placerat ex, id malesuada 
                                    justo. Sed congue, diam vel blandit gravida, 
                                    purus nisi blandit quam, id viverra mauris neque 
                                    id velit. Nam a interdum orci. Duis a elit eget 
                                    neque dignissim volutpat at pretium dolor.
                            "
30,Sharon Hunt,None,597.215.1932x8018,None,"
                            Lorem ipsum dolor sit amet, consectetur
                             adipiscing elit. Mauris fermentum erat et
                              pretium sagittis. Curabitur et libero ultricies,
                               lacinia diam eu, tempus elit. Nam congue nunc at
                                neque pharetra rutrum. Vivamus vel consequat orci.
                                 Nullam ac interdum lectus. Fusce rhoncus dolor vel 
                                 lectus blandit mollis a et nunc. Vivamus laoreet volutpat
                                  molestie. Aliquam nulla sem, elementum varius 
                                  eleifend pretium, maximus eu ipsum. Phasellus et
                                   lacus elementum turpis dignissim varius a accumsan
                                    velit. Quisque eu elit ut augue ultrices dapibus. 
                                    Etiam eleifend ut ipsum a euismod. Nunc dictum eu 
                                    arcu id faucibus. Ut vitae placerat ex, id malesuada 
                                    justo. Sed congue, diam vel blandit gravida, 
                                    purus nisi blandit quam, id viverra mauris neque 
                                    id velit. Nam a interdum orci. Duis a elit eget 
                                    neque dignissim volutpat at pretium dolor.
                            "
31,Karen Page,None,802-153-6013x2841,None,"
                            Lorem ipsum dolor sit amet, consectetur
                             adipiscing elit. Mauris fermentum erat et
                              pretium sagittis. Curabitur et libero ultricies,
                               lacinia diam eu, tempus elit. Nam congue nunc at
                                neque pharetra rutrum. Vivamus vel consequat orci.
                                 Nullam ac interdum lectus. Fusce rhoncus dolor vel 
                                 lectus blandit mollis a et nunc. Vivamus laoreet volutpat
                                  molestie. Aliquam nulla sem, elementum varius 
                                  eleifend pretium, maximus eu ipsum. Phasellus et
                                   lacus elementum turpis dignissim varius a accumsan
                                    velit. Quisque eu elit ut augue ultrices dapibus. 
                                    Etiam eleifend ut ipsum a euismod. Nunc dictum eu 
                                    arcu id faucibus. Ut vitae placerat ex, id malesuada 
                                    justo. Sed congue, diam vel blandit gravida, 
                                    purus nisi blandit quam, id viverra mauris neque 
                                    id velit. Nam a interdum orci. Duis a elit eget 
                                    neque dignissim volutpat at pretium dolor.
                            "
32,Mr. Daniel Zavala,None,378.917.7084,None,"
                            Lorem ipsum dolor sit amet, consectetur
                             adipiscing elit. Mauris fermentum erat et
                              pretium sagittis. Curabitur et libero ultricies,
                               lacinia diam eu, tempus elit. Nam congue nunc at
                                neque pharetra rutrum. Vivamus vel consequat orci.
                                 Nullam ac interdum lectus. Fusce rhoncus dolor vel 
                                 lectus blandit mollis a et nunc. Vivamus laoreet volutpat
                                  molestie. Aliquam nulla sem, elementum varius 
                                  eleifend pretium, maximus eu ipsum. Phasellus et
                                   lacus elementum turpis dignissim varius a accumsan
                                    velit. Quisque eu elit ut augue ultrices dapibus. 
                                    Etiam eleifend ut ipsum a euismod. Nunc dictum eu 
                                    arcu id faucibus. Ut vitae placerat ex, id malesuada 
                                    justo. Sed congue, diam vel blandit gravida, 
                                    purus nisi blandit quam, id viverra mauris neque 
                                    id velit. Nam a interdum orci. Duis a elit eget 
                                    neque dignissim volutpat at pretium dolor.
                            "
33,Matthew Ford,None,228.170.6721x471,None,"
                            Lorem ipsum dolor sit amet, consectetur
                             adipiscing elit. Mauris fermentum erat et
                              pretium sagittis. Curabitur et libero ultricies,
                               lacinia diam eu, tempus elit. Nam congue nunc at
                                neque pharetra rutrum. Vivamus vel consequat orci.
                                 Nullam ac interdum lectus. Fusce rhoncus dolor vel 
                                 lectus blandit mollis a et nunc. Vivamus laoreet volutpat
                                  molestie. Aliquam nulla sem, elementum varius 
                                  eleifend pretium, maximus eu ipsum. Phasellus et
                                   lacus elementum turpis dignissim varius a accumsan
                                    velit. Quisque eu elit ut augue ultrices dapibus. 
                                    Etiam eleifend ut ipsum a euismod. Nunc dictum eu 
                                    arcu id faucibus. Ut vitae placerat ex, id malesuada 
                                    justo. Sed congue, diam vel blandit gravida, 
                                    purus nisi blandit quam, id viverra mauris neque 
                                    id velit. Nam a interdum orci. Duis a elit eget 
                                    neque dignissim volutpat at pretium dolor.
                            "
34,Brian Wise,None,(946)065-9802x01302,None,"
                            Lorem ipsum dolor sit amet, consectetur
                             adipiscing elit. Mauris fermentum erat et
                              pretium sagittis. Curabitur et libero ultricies,
                               lacinia diam eu, tempus elit. Nam congue nunc at
                                neque pharetra rutrum. Vivamus vel consequat orci.
                                 Nullam ac interdum lectus. Fusce rhoncus dolor vel 
                                 lectus blandit mollis a et nunc. Vivamus laoreet volutpat
                                  molestie. Aliquam nulla sem, elementum varius 
                                  eleifend pretium, maximus eu ipsum. Phasellus et
                                   lacus elementum turpis dignissim varius a accumsan
                                    velit. Quisque eu elit ut augue ultrices dapibus. 
                                    Etiam eleifend ut ipsum a euismod. Nunc dictum eu 
                                    arcu id faucibus. Ut vitae placerat ex, id malesuada 
                                    justo. Sed congue, diam vel blandit gravida, 
                                    purus nisi blandit quam, id viverra mauris neque 
                                    id velit. Nam a interdum orci. Duis a elit eget 
                                    neque dignissim volutpat at pretium dolor.
                            "
35,Crystal Dyer,None,193-488-3373x641,None,"
                            Lorem ipsum dolor sit amet, consectetur
                             adipiscing elit. Mauris fermentum erat et
                              pretium sagittis. Curabitur et libero ultricies,
                               lacinia diam eu, tempus elit. Nam congue nunc at
                                neque pharetra rutrum. Vivamus vel consequat orci.
                                 Nullam ac interdum lectus. Fusce rhoncus dolor vel 
                                 lectus blandit mollis a et nunc. Vivamus laoreet volutpat
                                  molestie. Aliquam nulla sem, elementum varius 
                                  eleifend pretium, maximus eu ipsum. Phasellus et
                                   lacus elementum turpis dignissim varius a accumsan
                                    velit. Quisque eu elit ut augue ultrices dapibus. 
                                    Etiam eleifend ut ipsum a euismod. Nunc dictum eu 
                                    arcu id faucibus. Ut vitae placerat ex, id malesuada 
                                    justo. Sed congue, diam vel blandit gravida, 
                                    purus nisi blandit quam, id viverra mauris neque 
                                    id velit. Nam a interdum orci. Duis a elit eget 
                                    neque dignissim volutpat at pretium dolor.
                            "
36,Michelle Mitchell,None,+1-858-972-5857,None,"
                            Lorem ipsum dolor sit amet, consectetur
                             adipiscing elit. Mauris fermentum erat et
                              pretium sagittis. Curabitur et libero ultricies,
                               lacinia diam eu, tempus elit. Nam congue nunc at
                                neque pharetra rutrum. Vivamus vel consequat orci.
                                 Nullam ac interdum lectus. Fusce rhoncus dolor vel 
                                 lectus blandit mollis a et nunc. Vivamus laoreet volutpat
                                  molestie. Aliquam nulla sem, elementum varius 
                                  eleifend pretium, maximus eu ipsum. Phasellus et
                                   lacus elementum turpis dignissim varius a accumsan
                                    velit. Quisque eu elit ut augue ultrices dapibus. 
                                    Etiam eleifend ut ipsum a euismod. Nunc dictum eu 
                                    arcu id faucibus. Ut vitae placerat ex, id malesuada 
                                    justo. Sed congue, diam vel blandit gravida, 
                                    purus nisi blandit quam, id viverra mauris neque 
                                    id velit. Nam a interdum orci. Duis a elit eget 
                                    neque dignissim volutpat at pretium dolor.
                            "
37,Amanda Harris,None,304.242.7767,None,"
                            Lorem ipsum dolor sit amet, consectetur
                             adipiscing elit. Mauris fermentum erat et
                              pretium sagittis. Curabitur et libero ultricies,
                               lacinia diam eu, tempus elit. Nam congue nunc at
                                neque pharetra rutrum. Vivamus vel consequat orci.
                                 Nullam ac interdum lectus. Fusce rhoncus dolor vel 
                                 lectus blandit mollis a et nunc. Vivamus laoreet volutpat
                                  molestie. Aliquam nulla sem, elementum varius 
                                  eleifend pretium, maximus eu ipsum. Phasellus et
                                   lacus elementum turpis dignissim varius a accumsan
                                    velit. Quisque eu elit ut augue ultrices dapibus. 
                                    Etiam eleifend ut ipsum a euismod. Nunc dictum eu 
                                    arcu id faucibus. Ut vitae placerat ex, id malesuada 
                                    justo. Sed congue, diam vel blandit gravida, 
                                    purus nisi blandit quam, id viverra mauris neque 
                                    id velit. Nam a interdum orci. Duis a elit eget 
                                    neque dignissim volutpat at pretium dolor.
                            "
38,Ashley Carr,None,236-260-3258x91224,None,"
                            Lorem ipsum dolor sit amet, consectetur
                             adipiscing elit. Mauris fermentum erat et
                              pretium sagittis. Curabitur et libero ultricies,
                               lacinia diam eu, tempus elit. Nam congue nunc at
                                neque pharetra rutrum. Vivamus vel consequat orci.
                                 Nullam ac interdum lectus. Fusce rhoncus dolor vel 
                                 lectus blandit mollis a et nunc. Vivamus laoreet volutpat
                                  molestie. Aliquam nulla sem, elementum varius 
                                  eleifend pretium, maximus eu ipsum. Phasellus et
                                   lacus elementum turpis dignissim varius a accumsan
                                    velit. Quisque eu elit ut augue ultrices dapibus. 
                                    Etiam eleifend ut ipsum a euismod. Nunc dictum eu 
                                    arcu id faucibus. Ut vitae placerat ex, id malesuada 
                                    justo. Sed congue, diam vel blandit gravida, 
                                    purus nisi blandit quam, id viverra mauris neque 
                                    id velit. Nam a interdum orci. Duis a elit eget 
                                    neque dignissim volutpat at pretium dolor.
                            "
39,Cynthia Robles,None,(040)310-2557,None,"
                            Lorem ipsum dolor sit amet, consectetur
                             adipiscing elit. Mauris fermentum erat et
                              pretium sagittis. Curabitur et libero ultricies,
                               lacinia diam eu, tempus elit. Nam congue nunc at
                                neque pharetra rutrum. Vivamus vel consequat orci.
                                 Nullam ac interdum lectus. Fusce rhoncus dolor vel 
                                 lectus blandit mollis a et nunc. Vivamus laoreet volutpat
                                  molestie. Aliquam nulla sem, elementum varius 
                                  eleifend pretium, maximus eu ipsum. Phasellus et
                                   lacus elementum turpis dignissim varius a accumsan
                                    velit. Quisque eu elit ut augue ultrices dapibus. 
                                    Etiam eleifend ut ipsum a euismod. Nunc dictum eu 
                                    arcu id faucibus. Ut vitae placerat ex, id malesuada 
                                    justo. Sed congue, diam vel blandit gravida, 
                                    purus nisi blandit quam, id viverra mauris neque 
                                    id velit. Nam a interdum orci. Duis a elit eget 
                                    neque dignissim volutpat at pretium dolor.
                            "
40,Alexandra Martin,None,163-526-8747,None,"
                            Lorem ipsum dolor sit amet, consectetur
                             adipiscing elit. Mauris fermentum erat et
                              pretium sagittis. Curabitur et libero ultricies,
                               lacinia diam eu, tempus elit. Nam congue nunc at
                                neque pharetra rutrum. Vivamus vel consequat orci.
                                 Nullam ac interdum lectus. Fusce rhoncus dolor vel 
                                 lectus blandit mollis a et nunc. Vivamus laoreet volutpat
                                  molestie. Aliquam nulla sem, elementum varius 
                                  eleifend pretium, maximus eu ipsum. Phasellus et
                                   lacus elementum turpis dignissim varius a accumsan
                                    velit. Quisque eu elit ut augue ultrices dapibus. 
                                    Etiam eleifend ut ipsum a euismod. Nunc dictum eu 
                                    arcu id faucibus. Ut vitae placerat ex, id malesuada 
                                    justo. Sed congue, diam vel blandit gravida, 
                                    purus nisi blandit quam, id viverra mauris neque 
                                    id velit. Nam a interdum orci. Duis a elit eget 
                                    neque dignissim volutpat at pretium dolor.
                            "
41,Elizabeth Garcia,None,(895)715-3605,None,"
                            Lorem ipsum dolor sit amet, consectetur
                             adipiscing elit. Mauris fermentum erat et
                              pretium sagittis. Curabitur et libero ultricies,
                               lacinia diam eu, tempus elit. Nam congue nunc at
                                neque pharetra rutrum. Vivamus vel consequat orci.
                                 Nullam ac interdum lectus. Fusce rhoncus dolor vel 
                                 lectus blandit mollis a et nunc. Vivamus laoreet volutpat
                                  molestie. Aliquam nulla sem, elementum varius 
                                  eleifend pretium, maximus eu ipsum. Phasellus et
                                   lacus elementum turpis dignissim varius a accumsan
                                    velit. Quisque eu elit ut augue ultrices dapibus. 
                                    Etiam eleifend ut ipsum a euismod. Nunc dictum eu 
                                    arcu id faucibus. Ut vitae placerat ex, id malesuada 
                                    justo. Sed congue, diam vel blandit gravida, 
                                    purus nisi blandit quam, id viverra mauris neque 
                                    id velit. Nam a interdum orci. Duis a elit eget 
                                    neque dignissim volutpat at pretium dolor.
                            "
42,Debbie Burton,None,277.437.9924,None,"
                            Lorem ipsum dolor sit amet, consectetur
                             adipiscing elit. Mauris fermentum erat et
                              pretium sagittis. Curabitur et libero ultricies,
                               lacinia diam eu, tempus elit. Nam congue nunc at
                                neque pharetra rutrum. Vivamus vel consequat orci.
                                 Nullam ac interdum lectus. Fusce rhoncus dolor vel 
                                 lectus blandit mollis a et nunc. Vivamus laoreet volutpat
                                  molestie. Aliquam nulla sem, elementum varius 
                                  eleifend pretium, maximus eu ipsum. Phasellus et
                                   lacus elementum turpis dignissim varius a accumsan
                                    velit. Quisque eu elit ut augue ultrices dapibus. 
                                    Etiam eleifend ut ipsum a euismod. Nunc dictum eu 
                                    arcu id faucibus. Ut vitae placerat ex, id malesuada 
                                    justo. Sed congue, diam vel blandit gravida, 
                                    purus nisi blandit quam, id viverra mauris neque 
                                    id velit. Nam a interdum orci. Duis a elit eget 
                                    neque dignissim volutpat at pretium dolor.
                            "
43,Alicia Rodriguez,None,+1-778-243-7089,None,"
                            Lorem ipsum dolor sit amet, consectetur
                             adipiscing elit. Mauris fermentum erat et
                              pretium sagittis. Curabitur et libero ultricies,
                               lacinia diam eu, tempus elit. Nam congue nunc at
                                neque pharetra rutrum. Vivamus vel consequat orci.
                                 Nullam ac interdum lectus. Fusce rhoncus dolor vel 
                                 lectus blandit mollis a et nunc. Vivamus laoreet volutpat
                                  molestie. Aliquam nulla sem, elementum varius 
                                  eleifend pretium, maximus eu ipsum. Phasellus et
                                   lacus elementum turpis dignissim varius a accumsan
                                    velit. Quisque eu elit ut augue ultrices dapibus. 
                                    Etiam eleifend ut ipsum a euismod. Nunc dictum eu 
                                    arcu id faucibus. Ut vitae placerat ex, id malesuada 
                                    justo. Sed congue, diam vel blandit gravida, 
                                    purus nisi blandit quam, id viverra mauris neque 
                                    id velit. Nam a interdum orci. Duis a elit eget 
                                    neque dignissim volutpat at pretium dolor.
                            "
44,Joseph Snow,None,880.421.0548x90950,None,"
                            Lorem ipsum dolor sit amet, consectetur
                             adipiscing elit. Mauris fermentum erat et
                              pretium sagittis. Curabitur et libero ultricies,
                               lacinia diam eu, tempus elit. Nam congue nunc at
                                neque pharetra rutrum. Vivamus vel consequat orci.
                                 Nullam ac interdum lectus. Fusce rhoncus dolor vel 
                                 lectus blandit mollis a et nunc. Vivamus laoreet volutpat
                                  molestie. Aliquam nulla sem, elementum varius 
                                  eleifend pretium, maximus eu ipsum. Phasellus et
                                   lacus elementum turpis dignissim varius a accumsan
                                    velit. Quisque eu elit ut augue ultrices dapibus. 
                                    Etiam eleifend ut ipsum a euismod. Nunc dictum eu 
                                    arcu id faucibus. Ut vitae placerat ex, id malesuada 
                                    justo. Sed congue, diam vel blandit gravida, 
                                    purus nisi blandit quam, id viverra mauris neque 
                                    id velit. Nam a interdum orci. Duis a elit eget 
                                    neque dignissim volutpat at pretium dolor.
                            "
45,Tammie Martinez,None,503-056-8282x63162,None,"
                            Lorem ipsum dolor sit amet, consectetur
                             adipiscing elit. Mauris fermentum erat et
                              pretium sagittis. Curabitur et libero ultricies,
                               lacinia diam eu, tempus elit. Nam congue nunc at
                                neque pharetra rutrum. Vivamus vel consequat orci.
                                 Nullam ac interdum lectus. Fusce rhoncus dolor vel 
                                 lectus blandit mollis a et nunc. Vivamus laoreet volutpat
                                  molestie. Aliquam nulla sem, elementum varius 
                                  eleifend pretium, maximus eu ipsum. Phasellus et
                                   lacus elementum turpis dignissim varius a accumsan
                                    velit. Quisque eu elit ut augue ultrices dapibus. 
                                    Etiam eleifend ut ipsum a euismod. Nunc dictum eu 
                                    arcu id faucibus. Ut vitae placerat ex, id malesuada 
                                    justo. Sed congue, diam vel blandit gravida, 
                                    purus nisi blandit quam, id viverra mauris neque 
                                    id velit. Nam a interdum orci. Duis a elit eget 
                                    neque dignissim volutpat at pretium dolor.
                            "
46,Justin Lee,None,429.081.3639x7528,None,"
                            Lorem ipsum dolor sit amet, consectetur
                             adipiscing elit. Mauris fermentum erat et
                              pretium sagittis. Curabitur et libero ultricies,
                               lacinia diam eu, tempus elit. Nam congue nunc at
                                neque pharetra rutrum. Vivamus vel consequat orci.
                                 Nullam ac interdum lectus. Fusce rhoncus dolor vel 
                                 lectus blandit mollis a et nunc. Vivamus laoreet volutpat
                                  molestie. Aliquam nulla sem, elementum varius 
                                  eleifend pretium, maximus eu ipsum. Phasellus et
                                   lacus elementum turpis dignissim varius a accumsan
                                    velit. Quisque eu elit ut augue ultrices dapibus. 
                                    Etiam eleifend ut ipsum a euismod. Nunc dictum eu 
                                    arcu id faucibus. Ut vitae placerat ex, id malesuada 
                                    justo. Sed congue, diam vel blandit gravida, 
                                    purus nisi blandit quam, id viverra mauris neque 
                                    id velit. Nam a interdum orci. Duis a elit eget 
                                    neque dignissim volutpat at pretium dolor.
                            "
47,Michelle Cook,None,+1-472-054-5822x356,None,"
                            Lorem ipsum dolor sit amet, consectetur
                             adipiscing elit. Mauris fermentum erat et
                              pretium sagittis. Curabitur et libero ultricies,
                               lacinia diam eu, tempus elit. Nam congue nunc at
                                neque pharetra rutrum. Vivamus vel consequat orci.
                                 Nullam ac interdum lectus. Fusce rhoncus dolor vel 
                                 lectus blandit mollis a et nunc. Vivamus laoreet volutpat
                                  molestie. Aliquam nulla sem, elementum varius 
                                  eleifend pretium, maximus eu ipsum. Phasellus et
                                   lacus elementum turpis dignissim varius a accumsan
                                    velit. Quisque eu elit ut augue ultrices dapibus. 
                                    Etiam eleifend ut ipsum a euismod. Nunc dictum eu 
                                    arcu id faucibus. Ut vitae placerat ex, id malesuada 
                                    justo. Sed congue, diam vel blandit gravida, 
                                    purus nisi blandit quam, id viverra mauris neque 
                                    id velit. Nam a interdum orci. Duis a elit eget 
                                    neque dignissim volutpat at pretium dolor.
                            "
48,Morgan Wilkerson,None,0923232323,None,
